{"cameraMode":{"drawMode":0,"name":"Shaded","section":"Shading Mode"},"sceneLighting":true,"audioPlay":false,"sceneViewState":{"showFog":true,"showMaterialUpdate":true,"showSkybox":true,"showFlares":true,"showImageEffects":true,"showParticleSystems":true,"showVisualEffectGraphs":true,"m_FxEnabled":true},"in2DMode":false,"pivot":{"x":2.0200002193450929,"y":21.020000457763673,"z":-20.049999237060548},"rotation":{"x":0.15715694427490235,"y":-0.000004125266968912911,"z":0.0000014074670389163658,"w":0.9875792860984802},"size":7.6505446434021,"orthographic":false}